id,group,last_name,email,gender,first_name
1,Team A,Schuler,nschuler0@webs.com,Male,Nikita
2,The Rebels,Montilla,tmontilla1@dmoz.org,Male,Taber
3,Alpha Squad,Attersoll,cattersoll2@noaa.gov,Female,Colline
4,Team A,Punton,ppunton3@salon.com,Female,Pattie
5,The Rebels,Scroggs,cscroggs4@netvibes.com,Female,Claudie
6,Team A,Albert,ralbert5@goo.gl,Bigender,Rooney
7,Task Force X,Crecy,bcrecy6@ft.com,Male,Bentley
8,Team A,Dunn,hdunn7@accuweather.com,Male,Harmon
9,Task Force X,Laight,claight8@spotify.com,Male,Christoper
10,The Rebels,McKeighan,rmckeighan9@bloglines.com,Agender,Rochester
11,Alpha Squad,Langhorne,blanghornea@sfgate.com,Male,Brion
12,The Rebels,Tindall,stindallb@nature.com,Male,Seward
13,Task Force X,Bibby,,Male,Niko
14,Task Force X,Frotton,dfrottond@istockphoto.com,Male,Denver
15,Task Force X,Ayars,,Female,Fiona
16,Task Force X,Keslake,gkeslakef@globo.com,Male,Gawen
17,Alpha Squad,Lumsdon,rlumsdong@tmall.com,Female,Rosaleen
18,Group 1,,hfolkardh@qq.com,Male,Haven
19,The Rebels,Clausson,cclaussoni@webnode.com,Male,Chane
20,Alpha Squad,Frayn,kfraynj@globo.com,Male,King
21,Team A,Blenkiron,kblenkironk@marketwatch.com,Male,Knox
22,Group 1,De Ruggiero,pderuggierol@ifeng.com,Female,Persis
23,Task Force X,Rigmond,wrigmondm@ebay.co.uk,Male,William
24,Group 1,Grosvener,sgrosvenern@shareasale.com,Female,Sharleen
25,The Rebels,Zapater,azapatero@joomla.org,Polygender,Alvera
26,Task Force X,Buard,tbuardp@ifeng.com,Male,Tris
27,Alpha Squad,Tree,htreeq@whitehouse.gov,Male,Humphrey
28,The Rebels,Hatherleigh,lhatherleighr@un.org,Male,Land
29,Task Force X,Jermyn,cjermyns@oracle.com,Male,Cody
30,Alpha Squad,Cherry Holme,dcherryholmet@cnet.com,Male,Durante
31,The Rebels,Kiltie,mkiltieu@clickbank.net,Female,Magdalena
32,Team A,Eastam,ceastamv@patch.com,Female,Corenda
33,Task Force X,Stollwerk,astollwerkw@walmart.com,Bigender,Aveline
34,The Rebels,Skures,lskuresx@joomla.org,Female,Livia
35,The Rebels,Cleyne,kcleyney@google.cn,Female,Korrie
36,,Bellelli,cbellelliz@bravesites.com,Female,Cherri
37,Team A,Batcock,bbatcock10@mapquest.com,Bigender,Benjamin
38,Alpha Squad,Steaning,bsteaning11@loc.gov,Female,Brandice
39,Team A,Roughsedge,droughsedge12@theatlantic.com,Female,Deirdre
40,Team A,Ivanyukov,bivanyukov13@domainmarket.com,Male,Borg
41,The Rebels,Chidzoy,mchidzoy14@blogspot.com,Female,Myrlene
42,Task Force X,Bellwood,,Male,Killie
43,Task Force X,Spinello,sspinello16@virginia.edu,Male,Sayre
44,Task Force X,Metschke,dmetschke17@ning.com,Non-binary,Daisey
45,,Titchener,stitchener18@people.com.cn,Female,Stacy
46,,Bendley,abendley19@youtu.be,Agender,Amos
47,Group 1,Feldhorn,vfeldhorn1a@tamu.edu,Male,Vinny
48,Alpha Squad,Kneal,nkneal1b@fotki.com,Male,Niko
49,Group 1,Saladin,msaladin1c@flavors.me,Female,Madalyn
50,Alpha Squad,Pinkstone,kpinkstone1d@skyrock.com,Female,Kathe
51,Team A,Sambiedge,asambiedge1e@bluehost.com,Male,Austin
52,Group 1,MacCarrane,jmaccarrane1f@geocities.com,Male,Jedd
53,Team A,Croan,dcroan1g@jugem.jp,Polygender,Dorella
54,Task Force X,Klampt,gklampt1h@telegraph.co.uk,Bigender,Gail
55,,Ive,mive1i@goo.ne.jp,Female,Marijo
56,Task Force X,Kiehl,nkiehl1j@mac.com,Female,Nannie
57,Alpha Squad,Nijs,tnijs1k@unc.edu,Female,Tara
58,Group 1,Ropert,iropert1l@icio.us,Female,Ianthe
59,Group 1,Cassie,acassie1m@yelp.com,Male,Aube
60,Group 1,Fulkes,,Male,Branden
61,The Rebels,Falcus,afalcus1o@multiply.com,Female,Annabelle
62,The Rebels,,rhugenin1p@ow.ly,Male,Richy
63,Team A,,rhartop1q@reverbnation.com,Male,Ravid
64,,,cmitcheson1r@aboutads.info,Male,Conan
65,Team A,Sustins,lsustins1s@bravesites.com,Female,Lacy
66,The Rebels,Izakovitz,jizakovitz1t@naver.com,Female,Junette
67,Team A,Konerding,mkonerding1u@nbcnews.com,Female,Maible
68,Group 1,Bambury,rbambury1v@marketwatch.com,Non-binary,Rochester
69,Task Force X,Emlen,hemlen1w@hatena.ne.jp,Male,Humfrey
70,Team A,Bathowe,rbathowe1x@t.co,Female,Rosella
71,Task Force X,Leversuch,rleversuch1y@merriam-webster.com,Female,Rozanna
72,Alpha Squad,Caillou,,Female,Kristan
73,Alpha Squad,Dunleavy,fdunleavy20@mlb.com,Male,Francesco
74,Group 1,Briton,mbriton21@pagesperso-orange.fr,Female,Merry
75,Group 1,Shillito,lshillito22@ted.com,Female,Lorry
76,Task Force X,Braffington,dbraffington23@yahoo.com,Male,Dannie
77,The Rebels,Barbera,hbarbera24@delicious.com,Male,Herbie
78,Task Force X,De Lascy,kdelascy25@mail.ru,Male,Krishnah
79,Alpha Squad,McNamee,mmcnamee26@slideshare.net,Male,Marlo
80,Task Force X,Heynen,gheynen27@arstechnica.com,Male,Gauthier
81,Alpha Squad,Tire,htire28@goodreads.com,Female,Helge
82,Group 1,Hampshire,lhampshire29@globo.com,Male,Lazaro
83,Task Force X,Rait,grait2a@globo.com,Female,Ginni
84,The Rebels,Squibe,asquibe2b@dropbox.com,Female,Adan
85,The Rebels,Harcase,oharcase2c@privacy.gov.au,Female,Odessa
86,Alpha Squad,Willeson,kwilleson2d@360.cn,Female,Kristal
87,Alpha Squad,Strickland,,Female,Tedra
88,Alpha Squad,Hatt,ghatt2f@alexa.com,Male,Gaston
89,Group 1,Vowell,dvowell2g@intel.com,Female,Darcey
90,Alpha Squad,Deek,gdeek2h@istockphoto.com,Male,Garry
91,The Rebels,Poter,qpoter2i@buzzfeed.com,Female,Querida
92,Alpha Squad,Turle,mturle2j@google.de,Male,Merrick
93,Alpha Squad,McCowen,mmccowen2k@bloomberg.com,Male,Marshal
94,The Rebels,Dunton,tdunton2l@tamu.edu,Male,Torre
95,Alpha Squad,Patient,epatient2m@reddit.com,Male,Enrique
96,Alpha Squad,Treagust,mtreagust2n@fotki.com,Female,Michelle
97,The Rebels,Oakley,soakley2o@themeforest.net,Male,Sauveur
98,The Rebels,Lechelle,slechelle2p@constantcontact.com,Female,Starla
99,Alpha Squad,Zarfati,nzarfati2q@blogtalkradio.com,Male,Normie
100,Group 1,Dowtry,bdowtry2r@technorati.com,Male,Blayne
101,Alpha Squad,Collcott,mcollcott2s@fastcompany.com,Male,Mendel
102,Team A,Busek,tbusek2t@about.com,Bigender,Tedda
103,Alpha Squad,O'Donnell,,Female,Mikaela
104,Alpha Squad,Kordova,ckordova2v@boston.com,Male,Chan
105,Task Force X,Crosfield,gcrosfield2w@mit.edu,Non-binary,Gradeigh
106,Group 1,Iczokvitz,jiczokvitz2x@businesswire.com,Female,Janeen
107,Alpha Squad,Sansam,lsansam2y@surveymonkey.com,Male,Louis
108,Task Force X,Youings,tyouings2z@is.gd,Male,Tonnie
109,Task Force X,,amacpaike30@youku.com,Female,Ariella
110,Alpha Squad,Loxdale,gloxdale31@java.com,Female,Guendolen
111,Alpha Squad,Drains,bdrains32@qq.com,Male,Boothe
112,Task Force X,Birtwhistle,abirtwhistle33@ustream.tv,Male,Aylmar
113,Task Force X,,vnewnham34@exblog.jp,Female,Valerye
114,Group 1,,gdibley35@homestead.com,Female,Glyn
115,Alpha Squad,Cleve,pcleve36@ucoz.ru,Female,Pen
116,Alpha Squad,Dominico,,Male,Esdras
117,Task Force X,Wieprecht,ewieprecht38@devhub.com,Male,Elwood
118,Task Force X,Kellet,ckellet39@ft.com,Female,Claudelle
119,Team A,Ughetti,fughetti3a@dagondesign.com,Male,Fairlie
120,Alpha Squad,Wingfield,bwingfield3b@woothemes.com,Female,Bernelle
121,Group 1,,omerwede3c@github.com,Female,Odette
122,Team A,Endon,gendon3d@un.org,Polygender,Ginelle
123,The Rebels,Warboy,cwarboy3e@123-reg.co.uk,Female,Chiarra
124,,Housbey,jhousbey3f@amazonaws.com,Female,Jemmy
125,Task Force X,,aewells3g@163.com,Female,Aleda
126,Task Force X,,rmilroy3h@seesaa.net,Female,Rosie
127,Team A,Aicheson,raicheson3i@sfgate.com,Female,Rafaela
128,Task Force X,Tapley,htapley3j@tripod.com,Female,Holli
129,Alpha Squad,Stiegers,lstiegers3k@sakura.ne.jp,Female,Livvie
130,The Rebels,Ritmeyer,kritmeyer3l@prnewswire.com,Male,Kain
131,The Rebels,Cadden,jcadden3m@archive.org,Male,Jocko
132,Task Force X,Dunckley,cdunckley3n@cnbc.com,Male,Crawford
133,Task Force X,Wigley,nwigley3o@altervista.org,Female,Nikolia
134,The Rebels,Lisle,,Male,Neville
135,Team A,Suddell,rsuddell3q@amazon.de,Male,Ruddy
136,Team A,Gosenell,bgosenell3r@unesco.org,Female,Bibbie
137,Alpha Squad,Scarlet,nscarlet3s@drupal.org,Male,Nathanial
138,Task Force X,Grennan,egrennan3t@auda.org.au,Female,Esme
139,Task Force X,Worlidge,jworlidge3u@privacy.gov.au,Non-binary,Jase
140,Group 1,Seyffert,vseyffert3v@mac.com,Female,Veda
141,Task Force X,Pentelo,cpentelo3w@hp.com,Female,Cheslie
142,Group 1,Ruzicka,hruzicka3x@cbsnews.com,Male,Humberto
143,Task Force X,Strutley,hstrutley3y@businesswire.com,Male,Humbert
144,Team A,Kennifick,mkennifick3z@seesaa.net,Female,Mallissa
145,Task Force X,Doornbos,rdoornbos40@jigsy.com,Female,Robinet
146,Team A,Kyllford,gkyllford41@google.com.au,Male,Georg
147,Group 1,Lummus,mlummus42@printfriendly.com,Female,Maggie
148,Group 1,Ruddoch,aruddoch43@ca.gov,Female,Angelina
149,Team A,Belchamber,mbelchamber44@narod.ru,Female,Mavis
150,Team A,Jotham,sjotham45@livejournal.com,Female,Sallyanne
151,Team A,Figge,,Female,Carly
152,Alpha Squad,,aerangey47@kickstarter.com,Male,Augie
153,Team A,Cockett,bcockett48@ft.com,Male,Bary
154,Team A,,eprate49@sohu.com,Female,Elora
155,Group 1,Hendrickx,lhendrickx4a@oracle.com,Female,Lurette
156,Alpha Squad,Elson,delson4b@cbc.ca,Female,Dannie
157,Alpha Squad,Patkin,kpatkin4c@mysql.com,Male,Kennith
158,The Rebels,Monument,smonument4d@freewebs.com,Female,Stesha
159,Alpha Squad,Scoggan,escoggan4e@latimes.com,Female,Eimile
160,Group 1,Crighten,scrighten4f@wired.com,Genderfluid,Seumas
161,Alpha Squad,Duro,eduro4g@slate.com,Genderqueer,Edouard
162,Alpha Squad,Mattiato,vmattiato4h@i2i.jp,Female,Virginie
163,Group 1,Fairbank,sfairbank4i@hc360.com,Female,Star
164,The Rebels,Sibille,asibille4j@indiegogo.com,Agender,Arturo
165,Task Force X,Bruhnicke,bbruhnicke4k@mediafire.com,Male,Brenden
166,Alpha Squad,Bostick,mbostick4l@europa.eu,Male,Muffin
167,Task Force X,Clute,lclute4m@xing.com,Male,Lou
168,Task Force X,Managh,smanagh4n@dyndns.org,Female,Stormie
169,Task Force X,McAlarney,rmcalarney4o@time.com,Male,Rowan
170,Alpha Squad,Kitchinghan,zkitchinghan4p@simplemachines.org,Male,Zerk
171,Task Force X,Speere,wspeere4q@netlog.com,Female,Wilhelmine
172,The Rebels,Lomasna,vlomasna4r@yellowbook.com,Female,Veradis
173,Alpha Squad,Spurnier,sspurnier4s@mayoclinic.com,Male,Somerset
174,Alpha Squad,,ghargey4t@paypal.com,Male,Gaston
175,Group 1,Spicer,kspicer4u@geocities.jp,Male,Kevan
176,The Rebels,,tgarlicke4v@marketwatch.com,Female,Tomi
177,Group 1,Fulks,,Male,Sandy
178,Task Force X,Gridon,rgridon4x@networksolutions.com,Male,Ramsey
179,Team A,Norfolk,anorfolk4y@mozilla.org,Male,Archibaldo
180,Team A,,abeckey4z@technorati.com,Male,Alberik
181,Team A,Peeke,speeke50@bravesites.com,Female,Shandeigh
182,Alpha Squad,Jales,njales51@ocn.ne.jp,Male,Nikolos
183,Alpha Squad,Sanches,,Male,Griz
184,Team A,Korf,akorf53@arstechnica.com,Female,Arlina
185,Team A,Gerretsen,egerretsen54@goo.ne.jp,Male,Emmott
186,Team A,Leele,aleele55@wiley.com,Female,Anna
187,Alpha Squad,Hatfield,bhatfield56@apple.com,Female,Bobbi
188,Alpha Squad,Colley,ccolley57@google.com.hk,Female,Casi
189,Team A,,dscuffham58@ucoz.com,Male,Dall
190,The Rebels,Zmitrichenko,,Male,Chick
191,The Rebels,Dursley,bdursley5a@geocities.jp,Male,Bastien
192,Team A,Cammomile,fcammomile5b@whitehouse.gov,Female,Fiann
193,Group 1,Mouth,jmouth5c@telegraph.co.uk,Male,Joey
194,The Rebels,,ggiraudou5d@ucoz.ru,Female,Gabbi
195,,Perago,lperago5e@yelp.com,Male,Les
196,The Rebels,Schettini,dschettini5f@tiny.cc,Male,Danya
197,The Rebels,Steer,bsteer5g@freewebs.com,Female,Birgitta
198,Task Force X,Learmonth,nlearmonth5h@sourceforge.net,Female,Nadine
199,Alpha Squad,Withams,pwithams5i@fda.gov,Female,Penny
200,Group 1,Winser,swinser5j@gmpg.org,Male,Stanislaw
